{   "sun": {
    "bodyId": 0,
    "isPlanet": false,
    "funFacts": [ "Accounts for 99.86% of the mass in the solar system. THICC", "Will one day consume the Earth", "Travels through the Galaxy at roughly 220 km per second." ],
        "specialChars": ["Sun spots: a spot or patch appearing from time to time on the sun's surface, appearing dark by contrast with its surroundings."],
        "moons": [ "N/A" ],
        "name": "The Sun",
        "AKA": "Sol",
        "latin": "Solis",
        "position": "N/A",
        "atomosphere": "N/A",
        "composition": "Mostly hydrogen and helium. And fire. Lots of fire.",
        "density": 1.41,
        "surfaceTemp": "5,505°C", 
        "mass": {
            "massValue": 1.98900,
            "massExponent": 30
        },
        "gravity": "274 m/s²", 
        "daylength": "N/A",
        "tilt": 0,
        "yearlength": "N/A", 
        "diameter": "1.3927 million km",
        "images": [],
        "discoveredBy": "The first ape to be blinded by staring directly at it for too long, despite his mother telling him not to.",
        "nameOrigin":  "Mercury was the Roman God of commerce, eloquence, messages, communication (including divination), travelers, boundaries, luck, trickery and thieves; he also serves as the guide of souls to the underworld."
    },
    "mercury": {
        "bodyId": 1,
        "isPlanet": true,
        "funFacts": [ "Closest planet to the sun", "Smallest planet", "Shortest year"],
        "specialChars": ["Caloris Basin, crater that spans 1550 km (over half the total diameter of the planet!"],
        "moons": [ "N/A" ],
        "name": "Mercury",
        "AKA": "the Swift Planet",
        "latin": "Mercurius",
        "position": "First",
        "atomosphere": "N/A",
        "composition": "Mostly metallic, with silicate materials",
        "density": 5.4,
        "surfaceTemp": "Ranges from -163C to 426C", 
        "mass": {
            "massValue": 3.30114,
            "massExponent": 23
        },
        "gravity": "3.7 m/s²", 
        "daylength": "59 Earth days",
        "tilt": 0.0352,
        "yearlength": "87.9691 Earth days", 
        "diameter": "2,439km",
        "images": [],
        "discoveredBy": "It is unkown who first discovered Mercury, due to it being one of the five planets that are visible from Earth with the naked eye. Most modern sources cite Galileo Galilei and Thomas Harriot as the first to observe it through a telescope.",
        "nameOrigin":  "Mercury was the Roman God of commerce, eloquence, messages, communication (including divination), travelers, boundaries, luck, trickery and thieves; he also serves as the guide of souls to the underworld."
    },
    "venus": {
        "bodyId": 2,
        "isPlanet": true,
        "funFacts": ["Orbital path is almost a perfect circle", "Only planet that rotates clockwise", "Second most spherical object in the solar system, just after the Sun" ],
        "specialChars": ["Extremely high pressure atmosphere (92 times that of Earth!)", "Maat Mons: A massive shield volcano. It is the second-highest mountain and the highest volcano on the planet."],
        "moons": ["N/A"],
        "name": "Venus",
        "AKA": "Earth's Sister Planet",
        "latin": "Veneris",
        "position": "Second",
        "atomosphere": "Carbon dioxide, with clouds of sulfuric acid droplets",
        "composition": "Metallic core, rocky crust",
        "density": 5.3,
        "surfaceTemp": "up to 471C", 
        "mass": {
            "massValue": 4.86747,
            "massExponent": 24
        },
        "gravity": "8.9 m/s²", 
        "daylength": "243 Earth Days",
        "tilt": 177.36,
        "yearlength": "224 Earth Days", 
        "diameter": "12,100km",
        "images": [],
        "discoveredBy": "It is unkown who first discovered Venus, due to it being one of the five planets that are visible from Earth with the naked eye. Most modern sources cite Galileo Galilei as the first to observe it through a telescope.",
        "nameOrigin": "Venus was the Roman God of love, beauty, and fertility. She was the Roman counterpart to the Greek Aphrodite."
    },
    "earth": {
        "bodyId": 3,
        "isPlanet": true,
        "funFacts": [ "Only planet known to host life", "Only planet to produce Totino brand Pizza Rolls"],
        "specialChars": ["Mostly Harmless"],
        "moons": [  "The Moon" ],
        "name": "Earth",
        "AKA": "Dirt",
        "latin": "Tellus",
        "position": "Third",
        "atomosphere": "Nitrogen, Oxygen",
        "composition": "Metalic core, rocky outer crust",
        "density": 5.51360,
        "surfaceTemp": "Average of 15C per day, but check back in five years", 
        "mass": {
            "massValue": 5.97237,
            "massExponent": 24
        },
        "gravity": "9.8 m/s²", 
        "daylength": "One Earth Day",
        "tilt": 23.4393,
        "yearlength": "Roughly 365 Earth days", 
        "diameter": "12,742 km",
        "images": [],
        "discoveredBy": "You. And me. Every day.",
        "nameOrigin": "The name is derived from both English and German words, 'eore/ertha' and 'erde', respectively, which mean ground. But that's just what some people call it. Other names include Tierra, Terre, Nchi, and Dìqiú"
    },
    "moon": {
        "bodyId": 3.5,
        "isPlanet": false,
        "funFacts": [ "Always faces earth from the same direction", "Slowly drifting away from Earth", "Controls the tides on Earth"],
        "specialChars": ["Has a phenomonon known as Moonquakes caused by the Earth's gravitational pull"],
        "moons": [ "N/A" ],
        "name": "The Moon",
        "latin": "Luna",
        "position": "N/A",
        "atomosphere": "N/A",
        "composition": "Mostly rock and metal",
        "density": 3.34,
        "surfaceTemp": "average of 127C", 
        "mass": {
            "massValue": 7.34600,
            "massExponent": 22
        },
        "gravity": " m/s²", 
        "daylength": "N/A",
        "tilt": 1,
        "yearlength": "N/A", 
        "diameter": "3,474.2 km",
        "images": [],
        "discoveredBy": "I can gauruntee that Galileo probably looked at it through his telescope at some point.",
        "nameOrigin": "The word moon can be traced to the Old English word mōna, from the midieval era. Mōna shares its origins with the Latin words metri, which means to measure, and mensis, which means month. So, we see that the moon is called The Moon because it is used to measure the months."
    }, 
    "mars": {
        "bodyId": 4,
        "isPlanet": true,
        "funFacts": [ ""],
        "specialChars": ["Olympus Mons: The Largest Volcano in the solar system"],
        "moons":  [ "Deimos", "Phobos" ],
        "name": "Mars",
        "AKA": "The Red Planet",
        "latin": "Mārs",
        "position": "Fourth",
        "atomosphere": "Mostly Carbon Dioxide",
        "composition": "Metallic core, rocky crust",
        "density": 1.75000,
        "surfaceTemp": "Average of -27C", 
        "mass": {
            "massValue": 2.40000,
            "massExponent": 15
        },
        "gravity": "3.721 m/s²", 
        "daylength": "24 Earth hours and 39 Earth minutes. Who wouldn't want an extra 39 minutes of sleep!",
        "tilt": 0,
        "yearlength": "687 Earth days", 
        "diameter": "6,779 km",
        "images": [],
        "discoveredBy": "It is unkown who first discovered Mars, due to it being one of the five planets that are visible from Earth with the naked eye. Most modern sources cite Galileo Galilei as the first to observe it through a telescope. This guy really carried the team, huh?",
        "nameOrigin": "Mars was the god of war and also an agricultural guardian. He was the son of Jupiter and Juno, and he was the most prominent of the military gods in the religion of the Roman army."
    },
    "jupiter": {
        "bodyId": 5,
        "isPlanet": true,
        "funFacts": [ "Largest planet in the solar system.", "Fastest spinning planet in the solar system", "Strange magnetic field"],
        "specialChars": ["The Great Red Spot: a persistent high-pressure region in the atmosphere of Jupiter, producing an anticyclonic storm that is the largest in the Solar System", "The Great Blue Spot: isn't visible with through a telescope. Near the location of an unusual magnetic spot near Jupiter's equator. It appears blue in polarity images from the Juno spacecraft.", "A lot of freaking moons..."],
        "moons": ["Io", "Metis", "Adrastea", "Amalthea", "Thebe", "Europa", "Ganymede", "Callisto", "Themisto", "Leda", "Ersa", "Pandia", "Himalia", "Lysithea", "Elara", "Dia", "Carpo", "Valetudo", "Euporie", "Eupheme", "S/2003J18", "S/2010J2", "Euanthe", "S/2017J7", "Hermippe", "Praxidike", "Thyone", "Thelxinoe", "S/2017J3", "Ananke", "Mneme", "S/2016J1", "Orthosie", "Harpalyke", "Iocaste", "S/2017J9", "S/2003J12", "S/2003J4", "Erinome", "Aitne", "Herse", "Taygete", "S/2017J2", "S/2017J6", "Eukelade", "Carme", "S/2003J19", "Isonoe", "S/2003J10", "Autonoe", "Philophrosyne", "Cyllene", "Pasithee", "S/2010J1", "Pasiphae", "Sponde", "S/2017J8", "Eurydome", "S/2017J5", "Kalyke", "Hegemone", "Kale", "Kallichore", "S/2011J1", "S/2017J1", "Chaldene", "Arche", "Eirene", "Kore", "S/2011J2", "S/2003J9", "Megaclite", "Aoede", "S/2003J23", "Callirrhoe", "Sinope"],
        "name": "Jupiter",
        "AKA": "the Gas Giant",
        "latin": "Iuppiter",
        "position": "Fifth",
        "atomosphere": "Mostly hydrogen and helium gas",
        "composition": "See: Atmosphere",
        "density": 1.32620,
        "surfaceTemp": "Usual hovers somewhere around -145C", 
        "mass": {
            "massValue": 1.89819,
            "massExponent": 27
        },
        "gravity": "24.79 m/s²", 
        "daylength": "9.8 Earth hours",
        "tilt": 3.12,
        "yearlength": "11.9 Earth years", 
        "diameter": "139,822 km",
        "images": [],
        "discoveredBy": "It is unkown who first discovered Jupiter, due to it being one of the five planets that are visible from Earth with the naked eye. Most modern sources cite Galileo Galilei as the first to observe it through a telescope. But you probably already knew that.",
        "nameOrigin": "Also known as Jove, Jupiter was the Roman God of the sky and thunder. He was considered to be king of the gods, and is usually thought to have originated as an aerial god. His identifying implement was the thunderbolt and his primary symbolic animal was the eagle."
    },
    "saturn": {
        "bodyId": 6,
        "isPlanet": true,
        "funFacts": [ "The most distant planet that can be seen with the naked eye.", "Most Moons", "Four spacecraft visiters: Pioneer 11, Voyager 1 and 2, and the Cassini-Huygens."],
        "specialChars": ["Look at those rings!", "Large Hexagonal storm at north pole, we still don't know for sure what causes it!"],
        "moons": ["Pan", "Daphnis", "Atlas", "Prometheus", "Pandora", "Epimetheus", "Janus", "Aegaeon", "Mimas", "Methone", "Anthe", "Pallene", "Enceladus", "Tethys", "Telesto", "Calypso", "Dione", "Helene", "Polydeuces", "Rhea", "Titan", "Hyperion", "Iapetus", "Kiviuq", "Ijiraq", "Phoebe", "Paaliaq", "Skathi", "S/2004S37", "S/2007S2", "Albiorix", "Bebhionn", "S/2004S29", "Skoll", "S/2004S31", "Erriapus", "Tarqeq", "Siarnaq", "Tarvos", "Hyrrokkin", "Greip", "Mundilfari", "S/2004S13", "S/2006S1", "S/2007S3", "Suttungr", "S/2004S20", "Jarnsaxa", "Narvi", "Bergelmir", "Hati", "S/2004S17", "S/2004S12", "S/2004S27", "Farbauti", "Thrymr", "Bestla", "S/2004S7", "Aegir", "S/2004S30", "S/2004S22", "S/2004S25", "S/2004S32", "S/2004S23", "S/2006S3", "S/2004S35", "Kari", "S/2004S28", "Loge", "S/2004S38", "Fenrir", "Ymir", "Surtur", "S/2004S33", "S/2004S24", "S/2004S21", "S/2004S39", "S/2004S36", "Fornjot", "S/2004S34", "S/2004S26", "S/2009S1"],
        "name": "Saturn",
        "AKA": "the Ringed Planet",
        "latin": "Sāturnus",
        "position": "Sixth",
        "atomosphere": "Mostly hydrogen, some helium",
        "composition": "N/A",
        "density": 0.68710,
        "surfaceTemp": "Usually around -185C", 
        "mass": {
            "massValue": 5.68336,
            "massExponent": 26
        },
        "gravity": " 10.44 m/s²", 
        "daylength": "10 Earth hours and 42 Earth minutes",
        "tilt": 26.73,
        "yearlength": "29 Earth Years", 
        "diameter": "116,460 km",
        "images": [],
        "discoveredBy": "It is unkown who first discovered Saturn, due to it being one of the five planets that are visible from Earth with the naked eye. Most modern sources cite Galileo Galilei as the first to observe it through a telescope. Go figure.",
        "nameOrigin": "Saturn was the Roman God of generation, dissolution, wealth, agriculture, periodic renewal and liberation. Saturn's mythological reign was depicted as a Golden Age of plenty and peace."
    }, 
    "uranus": {
        "bodyId": 7,
        "isPlanet": true,
        "funFacts": [ "The only planet other than Earth not named after a Roman God.", "Coldest surface temperature", "Most dramatic axial tilt"],
        "specialChars": ["It's turned over on it's side!"],
        "moons": [ "Cordelia", "Ophelia", "Bianca", "Cressida", "Desdemona", "Juliet", "Portia", "Rosalind", "Cupid", "Belinda", "Perdita", "Puck", "Mab", "Miranda", "Ariel", "Umbriel", "Titania", "Oberon", "Francisco", "Caliban", "Stephano", "Trinculo", "Sycorax", "Margaret", "Prospero", "Setebos", "Ferdinand"],
        "name": "Uranus",
        "AKA": "The best joke in middle school",
        "latin": "Ūranus",
        "position": "Seventh",
        "atomosphere": "Mostly helium with some hydrogen",
        "composition": "N/A",
        "density": 1,
        "surfaceTemp": "-220C, chilly!", 
        "mass": {
            "massValue": 8.68127,
            "massExponent": 25
        },
        "gravity": "8.87 m/s²", 
        "daylength": "roughly 17 Earth hours and 14 Earth minutes",
        "tilt": 97.77,
        "yearlength": "84 Earth Years", 
        "diameter": "50,700 km",
        "images": [],
        "discoveredBy": "Discovered in 1781 by William Herschel. Uranus was the first planet found using a telescope.",
        "nameOrigin": "Uranus was the Greek god of the sky. According to myth, he was the father of Saturn and the grandfather of Jupiter."
    },
    "neptune": {
        "bodyId": 8,
        "isPlanet": true,
        "funFacts": [ "The smallest of the Gas Giants", "Most distant plant from the Sun.", "Strongest winds" ],
        "specialChars": ["Neptune has thirteen young and faint rings that often go overlooked"],
        "moons": [ "Naiad", "Thalassa", "Despina", "Galatea", "Larissa", "Hippocamp", "Proteus", "Triton", "Nereid", "Halimede", "Sao", "Laomedeia", "Psamathe", "Neso"],
        "name": "Neptune",
        "AKA": "The Blue Planet",
        "latin": "Neptunus,",
        "position": "Eighth",
        "atomosphere": "Water, methane and ammonia",
        "composition": "Mostly rock and metal",
        "density": 1.63,
        "surfaceTemp": "-200C, pack a coat!", 
        "mass": {
            "massValue": 1.02413,
            "massExponent": 26
        },
        "gravity": "11.15 m/s²", 
        "daylength": "Around 16 Earth hours",
        "tilt": 28.3,
        "yearlength": "165 Earth years", 
        "diameter": "49,244 km",
        "images": [],
        "discoveredBy": "Galileo actually mistook Neptune for a star, so he doesn't get credit for this one. It was first sought after when Uranus was discovered in 1781. Astronomers of the time were able to predict, based only on Uranus's orbit, that another planet of Neptune's mass and trajectory must exist. Over sixty years later, in 1846, a french Astronomer by the name of Urbain Le Verrier was able to actually verify that Neptune did indeed exist.",
        "nameOrigin": "Neptune was first the Roman God of fresh water, but he was later re-identified with the Greek Poseidon and thus became a deity of the sea."
    }, 
    "pluto": {
        "isPlanet": false
    }
}
